Location,Building Name,Floor Number,Property Type,Listing Type,No. of Rooms,Area (sqft),Furnished,Gym,Pool,Park,Parking Spots,Distance to School (km),Distance to Supermarket (km),Distance to Metro (km),Nearest Metro Platform,Nearest District Name,Nearest District Distance (km),Distance to Hospital (km),Distance to Airport (km),Freehold/Leasehold,Purchase Price (USD),Monthly Rent (USD),Energy Efficiency Cost (USD),Utility Cost (USD),Ongoing Project_1,Ongoing Project_2,Ongoing Project_3
Ras Al Khor,Jade Residences,50,Residential,Rental,4,4078,No,Yes,Yes,Yes,0,0.7,0.15,4.21,World Trade Centre,Al Barsha,1.93,0.49,25.65,Leasehold,,8542,429.73,133.02,,,
International City,Crystal Plaza,7,Commercial,Rental,2,1373,No,No,No,Yes,1,0.89,2.1,2.75,Union,Al Barsha,0.11,4.16,23.71,Freehold,,14536,327.64,289.85,Dubai Creek Harbour,,
Al Furjan,Marina Bay Tower,28,Commercial,Purchase,5,3781,No,Yes,No,No,1,0.79,2.16,1.58,Business Bay,Dubai Hills Estate,0.48,0.6,19.83,Freehold,4842537,,216.75,244.77,Dubai Creek Harbour,Mohammed bin Rashid Library,
Al Sufouh,Emerald Tower,21,Residential,Purchase,1,2394,No,No,Yes,No,4,3.15,2.77,3.85,Jumeirah Lakes Towers,Al Qusais,5.34,0.68,30.63,Freehold,403409,,297.21,144.45,Museum of the Future Extension,District 11,
Jumeirah Beach Residence,Desert Oasis,56,Residential,Purchase,5,1097,No,Yes,Yes,Yes,3,0.32,2.59,3.41,Jumeirah Lakes Towers,Downtown Dubai,3.36,5.71,10.6,Leasehold,1059936,,312.16,244.97,Dubai South Expansion,,
Al Mizhar,Garden Heights,52,Residential,Purchase,2,1765,No,No,No,Yes,0,1.85,1.59,4.08,Jumeirah Lakes Towers,Discovery Gardens,2.22,3.9,8.78,Freehold,533691,,475.62,87.56,,,
Jumeirah Village Triangle,Emerald Tower,39,Residential,Purchase,3,536,Yes,No,No,No,1,4.14,2.78,3.31,Emirates Towers,Springs,1.84,2.51,7.57,Freehold,3030794,,226.39,289.06,Bluewaters Phase II,,
Springs,Jade Residences,78,Commercial,Purchase,3,2094,Yes,No,Yes,No,1,1.77,2.28,0.26,Damac Properties,Al Twar,6.15,6.89,30.75,Leasehold,2207739,,244.06,139.57,Museum of the Future Extension,Bluewaters Phase II,Expo City Expansion
Jumeirah Village Circle,Ocean View Plaza,5,Residential,Rental,2,4336,No,No,No,No,0,4.73,0.82,4.64,Burj Khalifa/Dubai Mall,Business Bay,3.75,6.39,37.85,Freehold,,12272,219.11,154.5,Palm Jebel Ali,District 11,
DAMAC Hills,Emerald Tower,26,Commercial,Rental,4,2931,Yes,No,No,Yes,4,0.43,1.97,3.92,DMCC,Jumeirah Beach Residence,0.19,1.09,9.07,Freehold,,5573,277.27,97.42,,,
Karama,Skyline Residences,9,Residential,Rental,1,4463,Yes,Yes,Yes,No,1,0.47,0.35,1.83,DMCC,Jumeirah Beach Residence,8.92,4.4,9.09,Leasehold,,13680,342.62,202.73,Tilal Al Ghaf Phase II,Jumeirah Central,Aljada
Al Qusais,Marina Bay Tower,81,Residential,Rental,4,2733,Yes,Yes,Yes,Yes,2,2.04,2.09,1.55,DMCC,Downtown Dubai,8.9,6.55,31.03,Leasehold,,3942,300.31,123.48,Dubai Creek Harbour,Museum of the Future Extension,Expo City Expansion
Academic City,Marina Bay Tower,41,Residential,Purchase,2,3808,Yes,Yes,Yes,No,3,0.29,1.69,3.79,Burj Khalifa/Dubai Mall,Jumeirah Lakes Towers,5.23,7.22,9.62,Leasehold,4988407,,150.39,275.15,Tilal Al Ghaf Phase II,Jumeirah Central,
Bur Dubai,Crystal Plaza,76,Residential,Purchase,3,1250,Yes,Yes,Yes,Yes,2,0.15,2.81,0.16,DMCC,Nad Al Sheba,8.14,3.94,13.14,Leasehold,3269815,,459.11,274.31,Dubai Hills Mall,,
International City,Marina Bay Tower,32,Residential,Purchase,2,4391,No,No,No,Yes,4,0.52,2.96,3.81,Emirates Towers,Satwa,7.43,5.71,13.88,Freehold,3867392,,473.96,293.63,,,
Tecom,Desert Oasis,43,Commercial,Rental,2,3841,No,Yes,No,No,4,4.31,0.21,4.16,Business Bay,Port Saeed,4.74,5.08,19.4,Leasehold,,5678,144.78,276.04,District 11,Jumeirah Central,
Ras Al Khor,Garden Heights,92,Commercial,Purchase,5,2055,No,No,Yes,Yes,2,0.59,1.96,4.49,Dubai Internet City,Emirates Hills,8.74,7.64,38.7,Leasehold,2438526,,155.35,58.37,Museum of the Future Extension,District 11,Bluewaters Phase II
Jumeirah Village Circle,Skyline Residences,46,Commercial,Purchase,4,1435,Yes,No,Yes,No,0,2.52,1.49,0.52,Emirates Towers,Dubai Silicon Oasis,7.3,4.26,25.18,Freehold,836535,,288.04,277.34,Dubai South Expansion,Dubai Creek Harbour,
Dubai Marina,Urban View Tower,83,Residential,Purchase,2,1726,Yes,No,No,Yes,0,4.7,2.69,1.51,DMCC,Al Warqa,0.72,6.92,16.7,Leasehold,4395454,,479.51,242.17,Palm Jebel Ali,Bluewaters Phase II,
Downtown Dubai,Crystal Plaza,70,Residential,Purchase,5,1905,No,No,No,Yes,4,4.95,1.14,2.5,DMCC,Jumeirah Village Circle,2.99,1.99,34.77,Freehold,628021,,211.99,190.01,Meydan One,Dubai Creek Harbour,
Tecom,Skyline Residences,67,Commercial,Rental,1,4427,No,No,No,Yes,4,4.87,0.34,2.12,Damac Properties,Palm Jumeirah,6.82,0.95,28.44,Freehold,,15849,397.01,240.55,Aljada,Jumeirah Central,Museum of the Future Extension
Discovery Gardens,Marina Bay Tower,97,Commercial,Purchase,2,969,Yes,No,Yes,Yes,2,4.92,0.87,2.8,Union,Dubai Silicon Oasis,6.12,6.17,17.7,Freehold,3104925,,319.08,168,Dubai South Expansion,Palm Jebel Ali,Mohammed bin Rashid Library
Al Quoz,Crystal Plaza,72,Commercial,Rental,1,2018,Yes,Yes,No,No,1,1.7,0.11,1.16,Burj Khalifa/Dubai Mall,Business Bay,1.65,4.49,36.6,Leasehold,,2430,328.71,114.54,Aljada,,
International City,Marina Bay Tower,43,Residential,Rental,5,2734,No,Yes,No,No,1,4.67,2.25,1.46,Emirates Towers,Al Nahda,3.5,7.94,8.81,Leasehold,,17126,401.1,176.03,Meydan One,Museum of the Future Extension,
University City,Skyline Residences,76,Commercial,Purchase,4,3559,No,Yes,Yes,Yes,2,4.89,2.82,3.69,Etisalat,Al Kifaf,7.07,5.73,32.45,Freehold,227774,,233.48,293.01,Expo City Expansion,,
Business Bay,Jade Residences,55,Commercial,Purchase,5,2969,No,No,No,No,0,3.09,0.63,2.64,Mall of the Emirates,Downtown Dubai,1.94,1.42,25.57,Freehold,3680477,,189.06,123.91,Bluewaters Phase II,Palm Jebel Ali,Meydan One
Al Sufouh,Jade Residences,21,Commercial,Purchase,1,4925,No,Yes,No,No,0,4.15,0.15,1.73,Emirates Towers,Tilal Al Ghaf,7.27,4.66,12.42,Freehold,188190,,467.13,202.07,Aljada,Bluewaters Phase II,Palm Jebel Ali
Arabian Ranches,Desert Oasis,93,Residential,Rental,2,2319,No,Yes,No,No,4,0.78,0.59,2.49,Al Safa,Emirates Hills,7.04,8,15.89,Freehold,,15999,480.19,284.21,,,
Lakes,Garden Heights,25,Commercial,Rental,5,2829,No,No,Yes,Yes,1,3.3,1.89,1.71,Burj Khalifa/Dubai Mall,Barsha Heights,0.24,1.08,14.2,Freehold,,3602,380.07,200.81,,,
Mina Rashid,Palm Tower,48,Commercial,Purchase,3,3150,Yes,No,No,Yes,1,1.09,0.92,1.31,Burj Khalifa/Dubai Mall,Jebel Ali,7.84,6.82,5.83,Freehold,3722205,,222.14,131.97,Museum of the Future Extension,,
City Walk,Skyline Residences,42,Residential,Rental,2,732,No,No,Yes,Yes,1,3.03,1.03,2.22,Mall of the Emirates,Lakes,6.91,1.25,5.07,Freehold,,3839,427.17,129.34,,,
Bur Dubai,Jade Residences,20,Residential,Purchase,4,4889,No,Yes,No,No,4,2.74,0.73,3.39,Etisalat,International City,8.5,6.13,33.23,Freehold,916030,,497.93,249.72,Palm Jebel Ali,Mohammed bin Rashid Library,
The Greens,Emerald Tower,63,Commercial,Rental,4,2756,No,No,Yes,No,4,4.02,0.61,4.11,Jumeirah Lakes Towers,The Views,4.44,4.3,19.11,Freehold,,18453,242.48,106.09,Palm Jebel Ali,Bluewaters Phase II,Jumeirah Central
Dubai South,Ocean View Plaza,43,Commercial,Rental,3,4798,Yes,No,No,No,2,3,1.73,1.36,World Trade Centre,Motor City,9.49,5.56,13.93,Leasehold,,2670,176.96,108.99,Dubai Creek Harbour,,
Satwa,Skyline Residences,99,Commercial,Rental,1,663,Yes,Yes,No,No,4,2.91,0.55,1.16,Deira City Centre,Al Furjan,1.63,7.89,30.14,Leasehold,,16721,174.12,265.8,Dubai Hills Mall,,
DAMAC Hills,Emerald Tower,49,Commercial,Rental,5,1514,Yes,Yes,Yes,Yes,3,4.79,1.48,3.66,Mall of the Emirates,Al Mizhar,1.17,7.24,21.19,Leasehold,,4291,487.59,266.7,District 11,Palm Jebel Ali,
Al Kifaf,Palm Tower,15,Commercial,Purchase,3,1585,No,No,Yes,No,3,4.22,0.62,4.19,DMCC,Emirates Hills,8.99,4.76,19.45,Freehold,794353,,151.55,274.55,Jumeirah Central,Expo City Expansion,
Al Quoz,Skyline Residences,42,Residential,Rental,5,2350,No,Yes,No,No,1,2.32,2.2,1.62,Damac Properties,City Walk,2.98,4.9,38.22,Leasehold,,10829,339.66,271.86,Aljada,,
Jumeirah Lakes Towers,Garden Heights,98,Commercial,Rental,2,4471,No,Yes,No,Yes,0,0.65,1.78,2.85,Jumeirah Lakes Towers,Meadows,5.31,0.31,32.08,Leasehold,,18878,401.53,296.38,Bluewaters Phase II,,
Business Bay,Palm Tower,65,Commercial,Purchase,3,2358,No,Yes,No,No,2,4.1,1.66,4.63,Al Safa,Jumeirah Village Circle,9.47,2.32,38.52,Freehold,1024075,,232.12,85.67,Museum of the Future Extension,Tilal Al Ghaf Phase II,Palm Jebel Ali
Dubai Silicon Oasis,Crystal Plaza,30,Commercial,Rental,3,590,Yes,No,No,Yes,2,2.74,0.17,3.74,Dubai Internet City,Tecom,3.24,3.71,18.46,Leasehold,,15673,442.55,215.66,,,
Al Mamzar,Emerald Tower,93,Residential,Rental,4,1492,No,No,No,No,4,1.47,1.22,3.99,Business Bay,Barsha Heights,2.73,5.05,35.05,Leasehold,,3944,276.34,252.47,,,
Jumeirah Beach Residence,Crystal Plaza,79,Commercial,Rental,1,2224,No,Yes,No,No,2,1.31,2.71,1.01,Jumeirah Lakes Towers,Business Bay,0.18,4.75,5.29,Leasehold,,12311,344.39,153.43,Museum of the Future Extension,Expo City Expansion,Tilal Al Ghaf Phase II
The Views,Jade Residences,59,Commercial,Purchase,3,1057,No,No,No,No,4,0.99,0.94,4.91,Union,Dubai South,3.85,4.57,35.62,Freehold,2225219,,271.17,273.92,Palm Jebel Ali,,
Bur Dubai,Desert Oasis,98,Commercial,Rental,2,2363,Yes,No,Yes,Yes,1,4.49,1.92,3.39,World Trade Centre,Jumeirah Village Triangle,7.13,3.15,32.84,Freehold,,11957,228.09,239.1,Palm Jebel Ali,Tilal Al Ghaf Phase II,
Discovery Gardens,Jade Residences,81,Commercial,Rental,2,1619,Yes,No,Yes,No,1,3.56,1.17,3.34,Dubai Internet City,Karama,2.3,0.49,28.59,Leasehold,,16767,158.59,124.24,Meydan One,Dubai Hills Mall,Tilal Al Ghaf Phase II
Al Rashidiya,Desert Oasis,24,Residential,Purchase,1,4455,Yes,No,Yes,No,2,3.25,2.71,3.75,Dubai Internet City,Bur Dubai,2.79,2.63,27.21,Freehold,1582295,,257.88,162.65,,,
Motor City,Desert Oasis,39,Residential,Purchase,2,1921,No,No,Yes,Yes,3,4.33,2.46,2.71,Al Safa,Palm Jumeirah,9.53,7.96,16.79,Freehold,421238,,115.41,159.88,Dubai South Expansion,Expo City Expansion,
Bluewaters Island,Marina Bay Tower,43,Commercial,Purchase,1,811,Yes,Yes,Yes,Yes,3,2.09,2.33,0.37,Jumeirah Lakes Towers,Jumeirah,9.95,7.44,35.36,Freehold,2190803,,340.47,195.51,District 11,Dubai Creek Harbour,
Arabian Ranches,Emerald Tower,6,Commercial,Rental,3,2422,Yes,Yes,No,No,4,4.93,2.26,2.81,Business Bay,Deira,6.81,7.4,26.46,Leasehold,,16522,382.46,135.98,Dubai South Expansion,,
Dubai Festival City,Ocean View Plaza,74,Residential,Rental,4,2402,Yes,Yes,Yes,Yes,2,1.77,1.5,2.45,World Trade Centre,Satwa,9.25,7.38,35.04,Freehold,,16897,486.99,50.27,Aljada,,
Al Barsha,Jade Residences,25,Commercial,Purchase,3,4328,Yes,No,No,No,1,3.38,0.16,3.49,Damac Properties,Al Kifaf,7.71,5.08,14.65,Freehold,4080914,,245.6,144.9,Palm Jebel Ali,Tilal Al Ghaf Phase II,Mohammed bin Rashid Library
Jumeirah,Jade Residences,77,Commercial,Purchase,4,869,Yes,No,Yes,No,3,1.92,1.3,1.38,Damac Properties,Al Nahda,3.63,2.27,20.28,Freehold,3340678,,202.22,178.85,Jumeirah Central,District 11,Dubai Creek Harbour
Dubai Marina,Urban View Tower,1,Residential,Rental,2,2068,Yes,Yes,No,No,1,4.46,0.54,0.43,DMCC,Deira,5.61,1.03,26.75,Leasehold,,8093,234.09,148.59,,,
DAMAC Hills,Marina Bay Tower,14,Residential,Rental,4,4859,Yes,No,Yes,No,4,4.1,0.53,4.49,Burj Khalifa/Dubai Mall,Satwa,0.87,3.86,31.76,Leasehold,,19382,374.58,294.24,,,
Tecom,Skyline Residences,60,Commercial,Purchase,2,4570,Yes,Yes,Yes,No,2,3.04,1.62,4.62,Emirates Towers,Barsha Heights,1.93,6.62,27.08,Leasehold,4879065,,127.43,82.76,Aljada,,
Lakes,Skyline Residences,46,Commercial,Purchase,1,2439,No,Yes,Yes,No,1,2.07,1.32,2.97,World Trade Centre,Bluewaters Island,7.97,7.9,37.71,Leasehold,826664,,114.36,280.96,Museum of the Future Extension,Meydan One,
Lakes,Skyline Residences,4,Residential,Purchase,1,2948,No,No,No,Yes,4,1.36,2.17,2.32,Etisalat,Al Sufouh,7.17,4.23,7.44,Leasehold,410233,,141.25,227.01,,,
Jumeirah Village Circle,Marina Bay Tower,61,Residential,Purchase,1,3169,No,No,No,Yes,4,1.81,0.22,2.39,Al Safa,Satwa,8.71,5.96,29.29,Freehold,731287,,125.44,227.96,Dubai South Expansion,Museum of the Future Extension,
International City,Desert Oasis,43,Residential,Purchase,1,3154,No,Yes,Yes,No,3,3.09,1.39,3.82,Dubai Internet City,Satwa,7.42,5.28,11.62,Freehold,4712559,,407.32,146.1,Mohammed bin Rashid Library,Expo City Expansion,
Al Rashidiya,Emerald Tower,11,Commercial,Purchase,2,4128,No,No,Yes,No,4,3.33,2,4.42,Burj Khalifa/Dubai Mall,Jumeirah Village Triangle,5.01,4.7,34.47,Freehold,3861298,,412.36,98.47,Dubai South Expansion,Aljada,
The Views,Crystal Plaza,92,Commercial,Purchase,3,3877,Yes,Yes,No,No,0,4.14,2.23,0.25,Burj Khalifa/Dubai Mall,Al Nahda,2.27,5.76,7.65,Freehold,3510489,,437.63,115.58,,,
Al Twar,Skyline Residences,12,Residential,Purchase,5,3047,Yes,No,No,Yes,2,4.79,1.17,4.54,Deira City Centre,Jumeirah Village Circle,6.79,4.9,22.95,Freehold,1672899,,341.65,195.45,Dubai Creek Harbour,Aljada,
Dubai Silicon Oasis,Jade Residences,65,Residential,Purchase,2,3657,Yes,Yes,Yes,Yes,3,4.18,2.71,0.28,Union,Al Rashidiya,9.75,7.64,14.62,Freehold,4835292,,194.27,101.52,Dubai South Expansion,Bluewaters Phase II,
Bluewaters Island,Desert Oasis,14,Commercial,Purchase,1,2901,No,Yes,No,No,3,2.18,1.82,2.42,Jumeirah Lakes Towers,Jumeirah Village Triangle,0.86,6.51,22.52,Freehold,1029076,,292.41,69.14,Bluewaters Phase II,Jumeirah Central,Tilal Al Ghaf Phase II
Nad Al Sheba,Marina Bay Tower,40,Residential,Rental,4,1227,Yes,No,Yes,Yes,4,2.49,0.75,4.37,World Trade Centre,Discovery Gardens,7.54,2.47,8.31,Freehold,,19362,494.36,293.45,Bluewaters Phase II,,
The Views,Marina Bay Tower,100,Residential,Rental,5,979,No,No,No,Yes,1,4.15,1.92,3.21,Al Safa,Jumeirah Beach Residence,7.47,3.34,21.87,Freehold,,1106,139.16,154.69,Palm Jebel Ali,Expo City Expansion,Dubai South Expansion
Downtown Dubai,Urban View Tower,57,Residential,Rental,2,2681,Yes,Yes,No,Yes,4,4.78,0.6,3.01,Burj Khalifa/Dubai Mall,Bur Dubai,4.44,6.7,38.8,Leasehold,,16901,324.94,147.78,Expo City Expansion,,
University City,Urban View Tower,15,Commercial,Purchase,3,3236,Yes,Yes,No,Yes,3,2.87,2.17,0.54,Jumeirah Lakes Towers,Al Warqa,9.13,6.77,36.41,Freehold,290581,,294.58,230.6,,,
Emirates Hills,Palm Tower,35,Commercial,Rental,5,597,Yes,No,No,Yes,3,3.17,0.12,3.94,Jumeirah Lakes Towers,Al Furjan,2.09,4.37,11.47,Freehold,,6928,453.53,118.19,,,
Mudon,Emerald Tower,74,Commercial,Rental,5,1311,No,No,Yes,No,4,3.57,0.47,4.55,Business Bay,Al Mizhar,2,1.91,33.25,Leasehold,,18954,170.75,248.9,District 11,,
Ras Al Khor,Palm Tower,52,Commercial,Rental,3,1471,No,Yes,No,Yes,1,2.95,2.12,3.21,Etisalat,Jumeirah Village Circle,9.87,4.77,31.96,Leasehold,,1909,108.08,190.88,District 11,Aljada,
Al Kifaf,Desert Oasis,15,Commercial,Purchase,3,3521,No,Yes,No,No,1,2.29,1.81,4.7,Jumeirah Lakes Towers,Palm Jumeirah,9.02,0.64,9.47,Leasehold,1527280,,453.1,289.78,Dubai Creek Harbour,Dubai Hills Mall,
Dubai South,Palm Tower,24,Residential,Purchase,2,3290,Yes,Yes,Yes,No,3,4.45,2.17,2.04,Al Safa,Al Nahda,4.58,6.71,17.77,Freehold,2837069,,272.87,183.17,Meydan One,Mohammed bin Rashid Library,
Jumeirah Village Circle,Marina Bay Tower,67,Residential,Rental,2,2598,No,Yes,Yes,No,4,1.14,1.33,0.29,Jumeirah Lakes Towers,Al Satwa,7.68,4.44,19.21,Freehold,,19254,448.69,163.85,Meydan One,,
Palm Jumeirah,Crystal Plaza,86,Commercial,Rental,5,2470,Yes,Yes,No,Yes,4,3.29,1.4,1.82,Mall of the Emirates,Jumeirah Golf Estates,5.28,1.09,38.57,Freehold,,7986,285.66,236.38,Palm Jebel Ali,Jumeirah Central,District 11
Mudon,Emerald Tower,47,Residential,Purchase,4,4008,No,No,No,Yes,3,0.94,0.69,4.31,Union,Dubai Hills Estate,1.79,4.71,16.89,Leasehold,3686104,,159.11,132.33,Expo City Expansion,Mohammed bin Rashid Library,Meydan One
Dubai South,Crystal Plaza,49,Residential,Purchase,3,3032,No,No,Yes,No,4,2.76,2.96,4.26,Emirates Towers,Dubai Marina,1.63,4.64,20.63,Freehold,458828,,140.74,210.45,Aljada,Expo City Expansion,
Dubai Festival City,Marina Bay Tower,90,Residential,Purchase,5,3841,Yes,Yes,Yes,No,1,0.34,2.47,4.9,Emirates Towers,Mina Rashid,2.74,7.98,17.02,Freehold,3353115,,352.07,244.25,Expo City Expansion,Aljada,Dubai South Expansion
Dubai Silicon Oasis,Palm Tower,46,Commercial,Purchase,2,4683,No,No,No,No,4,0.91,0.49,0.3,Union,Al Twar,4.41,4.78,32.64,Freehold,413660,,113.14,65.97,,,
Al Mamzar,Crystal Plaza,69,Residential,Purchase,1,3552,No,No,No,No,4,2.77,0.48,0.33,Business Bay,Al Rashidiya,0.34,7.27,24.69,Freehold,3421294,,240.95,238.7,Expo City Expansion,Aljada,
Green Community,Emerald Tower,91,Residential,Rental,2,1017,No,No,No,No,2,3.16,2.31,3.94,Mall of the Emirates,University City,6.06,1.8,30.74,Leasehold,,10908,352.42,133.68,District 11,,
Dubai Marina,Marina Bay Tower,17,Commercial,Purchase,2,1151,Yes,Yes,No,Yes,4,0.69,1.88,2.71,Emirates Towers,Barsha Heights,4.63,7.04,35.8,Leasehold,4125189,,300.35,251.15,Tilal Al Ghaf Phase II,,
Al Satwa,Emerald Tower,34,Residential,Purchase,5,2795,No,Yes,Yes,No,2,4.21,2.17,5,Business Bay,Al Quoz,0.11,5.16,14.66,Leasehold,972229,,231.52,263.06,Dubai Creek Harbour,,
Business Bay,Ocean View Plaza,52,Residential,Rental,4,2393,No,Yes,Yes,Yes,2,0.8,2.14,2.7,Business Bay,Dubai Silicon Oasis,6.99,2,38.82,Freehold,,15979,270.96,221.27,,,
Dubai Hills Estate,Ocean View Plaza,9,Residential,Rental,2,2620,No,Yes,No,No,4,4.79,2.63,4.57,Emirates Towers,Al Furjan,6.34,1.74,13.48,Leasehold,,5275,325.67,109.04,,,
International City,Skyline Residences,22,Residential,Rental,2,1167,No,Yes,No,No,0,1.48,1.05,3.1,Dubai Internet City,Dubai Festival City,6.88,3.61,28.72,Leasehold,,7116,176.84,75.22,Meydan One,District 11,
The Greens,Desert Oasis,24,Residential,Rental,3,1808,Yes,Yes,No,No,0,3.16,2.35,0.82,Business Bay,Al Furjan,3.79,4.49,9.28,Leasehold,,1331,421.97,159.25,,,
Downtown Dubai,Emerald Tower,86,Residential,Rental,5,2721,Yes,No,Yes,Yes,2,2.97,1.76,4.94,Union,Motor City,3.26,7.81,34.98,Freehold,,14923,413.12,273.71,Meydan One,,
Al Quoz,Emerald Tower,71,Commercial,Purchase,4,1268,No,Yes,Yes,No,3,0.2,2.94,2.32,Emirates Towers,Emirates Hills,4.17,3.67,9.88,Freehold,571046,,298.59,216.23,Aljada,Jumeirah Central,District 11
Al Mamzar,Urban View Tower,35,Commercial,Purchase,2,952,Yes,Yes,No,Yes,0,0.17,0.97,0.65,Burj Khalifa/Dubai Mall,Palm Jumeirah,8.27,6.42,7.34,Freehold,3055317,,417.65,55.63,,,
Dubai Silicon Oasis,Desert Oasis,47,Residential,Purchase,1,2001,Yes,Yes,Yes,Yes,4,2.4,0.71,0.87,Etisalat,University City,8.13,2.59,35.01,Freehold,1925468,,450.59,73.32,Palm Jebel Ali,,
Al Kifaf,Emerald Tower,54,Commercial,Purchase,3,4778,Yes,No,Yes,No,4,2.84,2.86,1.76,Business Bay,The Views,0.79,3.92,36.82,Leasehold,4710785,,492.9,221.87,Aljada,Museum of the Future Extension,
Academic City,Urban View Tower,84,Commercial,Purchase,2,4129,Yes,Yes,No,No,2,1.5,2.99,1.31,Damac Properties,Jumeirah Golf Estates,9.32,7.5,9.34,Freehold,3478605,,166.28,165.55,,,
Al Nahda,Skyline Residences,29,Commercial,Purchase,1,3330,No,Yes,Yes,No,3,4.26,1.31,3.25,Damac Properties,DAMAC Hills,7.67,0.47,5.98,Freehold,770652,,474.15,77.72,Dubai Creek Harbour,Aljada,
Springs,Jade Residences,51,Residential,Rental,3,2315,Yes,No,No,No,1,4.64,0.89,3.76,Jumeirah Lakes Towers,University City,1.51,4.66,33.88,Freehold,,10953,384.69,178.9,,,
Jumeirah,Emerald Tower,56,Commercial,Rental,1,1585,No,Yes,Yes,Yes,1,3.6,0.91,1.06,World Trade Centre,Ras Al Khor,9.44,2.43,5.39,Leasehold,,19229,351.98,170.77,,,
Dubai Silicon Oasis,Ocean View Plaza,28,Commercial,Purchase,3,537,No,No,No,No,3,2.43,0.94,4.37,World Trade Centre,Green Community,1.7,7.01,21.84,Leasehold,4932463,,398.88,103.02,Jumeirah Central,Expo City Expansion,
Al Sufouh,Ocean View Plaza,80,Commercial,Purchase,5,975,No,No,Yes,No,4,0.29,0.43,1.73,Dubai Internet City,Green Community,6.27,0.28,23.44,Leasehold,4353328,,308.5,255.92,,,
Port De La Mer,Urban View Tower,99,Commercial,Rental,3,4849,Yes,No,Yes,No,3,1.09,1.52,3.21,Burj Khalifa/Dubai Mall,Mudon,1.82,2.31,12.86,Leasehold,,10784,346.28,171.9,Tilal Al Ghaf Phase II,,
Nad Al Sheba,Desert Oasis,57,Residential,Rental,1,3200,No,No,No,Yes,0,2.03,1.12,0.57,Mall of the Emirates,Dubai Silicon Oasis,9.6,7.36,38.68,Leasehold,,19407,327.3,262.89,,,
Bluewaters Island,Garden Heights,16,Residential,Rental,4,3582,No,No,Yes,No,2,4.55,0.53,0.57,Business Bay,Jebel Ali,1.26,0.74,37.16,Leasehold,,1917,480.84,200.19,Bluewaters Phase II,Museum of the Future Extension,
Dubai Festival City,Jade Residences,44,Residential,Rental,2,1048,Yes,Yes,No,Yes,4,2.58,2.13,3.79,Deira City Centre,Barsha Heights,2.69,4.13,32.93,Freehold,,2867,317.51,103.45,Aljada,Palm Jebel Ali,Dubai South Expansion
Dubai Festival City,Skyline Residences,71,Commercial,Rental,2,2441,No,Yes,No,No,0,4.11,1.43,3.43,Jumeirah Lakes Towers,Nad Al Sheba,1.31,3.41,16.93,Leasehold,,12042,197.35,250.07,Aljada,Meydan One,Expo City Expansion
Port Saeed,Desert Oasis,49,Commercial,Rental,4,4454,Yes,No,No,No,3,3.42,0.3,0.51,Etisalat,Lakes,3.79,5.32,17.77,Leasehold,,19640,220.9,71.65,Aljada,,
Al Mizhar,Emerald Tower,84,Residential,Rental,5,4459,No,Yes,No,No,4,4.68,2.96,4.76,Al Safa,Al Sufouh,2.38,1.17,39.33,Freehold,,1922,156.98,129.61,,,
Al Nahda,Jade Residences,70,Residential,Purchase,4,2929,No,No,No,No,1,2.67,0.8,3.11,Jumeirah Lakes Towers,Discovery Gardens,0.86,0.36,18.23,Leasehold,3816799,,370.11,150.1,Jumeirah Central,Dubai Creek Harbour,Meydan One
Discovery Gardens,Ocean View Plaza,35,Commercial,Purchase,3,4332,No,No,No,No,2,3.67,2.55,2.74,Dubai Internet City,Bluewaters Island,9.81,2.09,8.18,Leasehold,3835764,,495.97,186.44,District 11,Bluewaters Phase II,Dubai Hills Mall
Al Rashidiya,Garden Heights,73,Residential,Purchase,2,4954,Yes,No,No,Yes,4,3.98,1.87,1.18,Jumeirah Lakes Towers,Jebel Ali,5.6,7.1,15.63,Leasehold,3834327,,210.39,267.4,Tilal Al Ghaf Phase II,Dubai Hills Mall,
The Views,Urban View Tower,65,Residential,Purchase,3,4339,Yes,Yes,Yes,No,0,1.97,1.55,3.39,DMCC,Lakes,3.8,6.09,27.91,Leasehold,4915781,,303.85,87.04,Dubai Creek Harbour,Bluewaters Phase II,Meydan One
Al Nahda,Emerald Tower,54,Residential,Purchase,4,4416,Yes,Yes,Yes,No,2,4.54,2.35,3.11,Mall of the Emirates,University City,1.79,2.64,11.96,Leasehold,4611696,,474.41,170.49,Palm Jebel Ali,Dubai Creek Harbour,Tilal Al Ghaf Phase II
Al Barsha,Jade Residences,40,Residential,Purchase,4,1638,Yes,Yes,No,Yes,2,4.8,2.63,0.53,DMCC,Al Nahda,5,4.43,27.65,Leasehold,3854448,,428.36,74.3,,,
Port De La Mer,Desert Oasis,30,Commercial,Rental,2,1213,Yes,No,Yes,No,3,3.44,1.74,0.11,Burj Khalifa/Dubai Mall,Discovery Gardens,8.2,0.56,35.82,Leasehold,,16861,181.61,193.37,Bluewaters Phase II,,
Al Barsha,Garden Heights,76,Residential,Rental,1,4280,Yes,No,No,No,3,1.2,1.74,1.05,DMCC,Tecom,6.09,1.88,7.46,Freehold,,6474,308.49,256.6,Dubai Hills Mall,District 11,
Karama,Desert Oasis,13,Commercial,Purchase,2,4774,Yes,No,No,No,2,2.2,2.97,4.98,Etisalat,Al Mizhar,0.49,1.34,26.02,Freehold,2459942,,471.74,127.39,Palm Jebel Ali,,
Meadows,Skyline Residences,99,Commercial,Rental,3,3030,No,Yes,Yes,No,1,0.55,2.23,0.89,World Trade Centre,Al Barsha,1.28,5.81,19.15,Leasehold,,18836,271.24,107.15,District 11,Aljada,
Business Bay,Skyline Residences,37,Commercial,Rental,4,1006,Yes,Yes,No,No,0,4.92,1.14,1.11,Burj Khalifa/Dubai Mall,Palm Jumeirah,1.76,3,8.27,Freehold,,17441,397.06,283.16,Meydan One,Mohammed bin Rashid Library,Dubai South Expansion
Barsha Heights,Skyline Residences,57,Commercial,Purchase,3,3965,Yes,Yes,Yes,No,0,4.07,0.1,2.88,DMCC,Meadows,6.36,5.36,9.79,Freehold,3397886,,270.21,78.03,Mohammed bin Rashid Library,,
The Greens,Garden Heights,18,Residential,Purchase,5,3471,Yes,No,No,No,2,2.08,2.45,1.53,Business Bay,DAMAC Hills,0.79,1.6,30.48,Freehold,4192018,,335.91,158.26,Expo City Expansion,Museum of the Future Extension,Dubai Hills Mall
Port De La Mer,Garden Heights,37,Residential,Rental,3,2967,Yes,No,Yes,No,3,2.96,2.29,4.55,Business Bay,Jumeirah Beach Residence,6.39,7.68,15.86,Freehold,,1157,171.9,85.88,Tilal Al Ghaf Phase II,Expo City Expansion,Dubai South Expansion
Discovery Gardens,Ocean View Plaza,10,Commercial,Rental,2,1217,Yes,Yes,No,Yes,1,3.61,2.53,3.66,Business Bay,City Walk,6.6,6.55,24.43,Freehold,,13311,115.61,146.71,Dubai Creek Harbour,Museum of the Future Extension,Mohammed bin Rashid Library
Jumeirah,Emerald Tower,11,Residential,Rental,5,1101,Yes,No,Yes,No,3,2.16,2.66,4.17,Deira City Centre,Al Rashidiya,6.06,3.95,27.03,Freehold,,10187,247.13,68.54,Mohammed bin Rashid Library,Palm Jebel Ali,
Jumeirah Village Circle,Jade Residences,74,Residential,Purchase,2,3250,Yes,No,Yes,No,3,1.62,2.37,0.64,Damac Properties,Jumeirah,0.48,4.95,32.5,Leasehold,2756224,,392.52,249.59,Expo City Expansion,Museum of the Future Extension,Tilal Al Ghaf Phase II
Mina Rashid,Ocean View Plaza,73,Commercial,Purchase,1,3929,Yes,Yes,Yes,No,2,2.65,2.61,2.56,DMCC,City Walk,2.99,2.76,25.3,Leasehold,2823738,,425,96.65,Dubai South Expansion,Dubai Hills Mall,
Arabian Ranches,Ocean View Plaza,43,Residential,Purchase,3,612,Yes,Yes,Yes,No,3,1.97,0.2,3.75,Business Bay,Business Bay,9.56,3.44,7.87,Leasehold,4280822,,107.99,132.65,Dubai Creek Harbour,,
Green Community,Skyline Residences,98,Commercial,Rental,1,551,Yes,Yes,Yes,No,1,3.62,0.11,3.56,Burj Khalifa/Dubai Mall,Al Mamzar,0.67,5.05,39.29,Leasehold,,3528,226.15,288.34,Expo City Expansion,Museum of the Future Extension,Dubai South Expansion
Al Warqa,Emerald Tower,33,Residential,Rental,4,1043,Yes,Yes,Yes,Yes,1,1.59,2.29,1.94,Emirates Towers,Emirates Hills,1.39,2.26,15.91,Leasehold,,4370,119.11,60.35,Mohammed bin Rashid Library,,
Jebel Ali,Marina Bay Tower,30,Commercial,Rental,1,4921,Yes,No,No,Yes,4,3.74,1.33,2.13,Business Bay,Al Quoz,4.41,7,26.28,Freehold,,18006,387.2,252.65,Dubai South Expansion,Museum of the Future Extension,
Arabian Ranches,Marina Bay Tower,66,Residential,Purchase,4,747,No,Yes,Yes,Yes,1,4.51,1.64,2.2,Dubai Internet City,Jumeirah Village Triangle,5.01,1.85,18.84,Freehold,3340365,,277.23,145.09,Dubai South Expansion,Expo City Expansion,District 11
The Greens,Jade Residences,72,Residential,Purchase,4,4448,Yes,Yes,Yes,Yes,4,3.01,1.22,4.79,Al Safa,Al Mamzar,6.32,0.33,5.14,Freehold,3664859,,143.51,90.31,Expo City Expansion,,
Jumeirah,Skyline Residences,65,Commercial,Purchase,5,1983,No,Yes,Yes,Yes,3,2.41,1.33,2.13,Damac Properties,Lakes,8.23,1.79,26.8,Freehold,965770,,375.58,98.07,Dubai Creek Harbour,Dubai South Expansion,
Al Mamzar,Crystal Plaza,79,Residential,Purchase,4,3290,Yes,Yes,No,No,1,0.6,0.8,4.58,Damac Properties,Green Community,3.74,6.65,17.97,Freehold,117079,,476.24,74.32,Meydan One,,
International City,Palm Tower,14,Commercial,Purchase,4,1155,Yes,No,No,No,2,4.4,2.77,2.43,Burj Khalifa/Dubai Mall,Al Sufouh,3.11,7.03,26.65,Freehold,1251714,,437.8,65.69,Dubai Creek Harbour,Bluewaters Phase II,Meydan One
Jumeirah Village Triangle,Jade Residences,72,Residential,Rental,5,1580,No,No,No,No,2,2.54,2.71,0.84,World Trade Centre,Nad Al Sheba,2.66,6.7,11.88,Leasehold,,14064,242.71,110.21,Dubai Hills Mall,,
Jebel Ali,Ocean View Plaza,57,Residential,Purchase,3,3364,Yes,Yes,No,No,4,2.46,0.24,0.11,Deira City Centre,Mirdif,4.1,7.83,36.04,Leasehold,3887133,,285.83,223.52,District 11,,
Discovery Gardens,Urban View Tower,2,Residential,Rental,4,1078,No,No,No,No,4,4.3,2.7,4.47,Business Bay,Al Barsha,7.33,5.46,27.26,Leasehold,,6359,286.02,284.59,Expo City Expansion,,
Dubai South,Desert Oasis,6,Residential,Purchase,1,2596,Yes,No,Yes,No,0,4.34,2.25,2.44,Etisalat,The Views,7.34,6.9,34.47,Freehold,1019060,,280.41,155.53,Museum of the Future Extension,Tilal Al Ghaf Phase II,
Al Nahda,Skyline Residences,5,Commercial,Rental,2,3959,Yes,Yes,No,Yes,2,3.44,1.81,3.85,Deira City Centre,Al Qusais,4.35,0.22,20.13,Leasehold,,19859,200.39,131.09,,,
Dubai Festival City,Ocean View Plaza,96,Residential,Rental,1,4378,No,Yes,No,No,4,3.11,1.97,4.93,Union,Dubai Silicon Oasis,6.91,1.36,11.94,Leasehold,,8119,270.56,299.98,District 11,,
Jumeirah Beach Residence,Skyline Residences,62,Commercial,Rental,5,3364,No,No,Yes,No,4,2.1,2.63,2.49,Deira City Centre,Al Qusais,7.63,4.11,25.57,Leasehold,,12977,263.01,146.88,Palm Jebel Ali,Dubai Hills Mall,Aljada
Al Mizhar,Emerald Tower,27,Residential,Rental,4,3359,No,No,Yes,Yes,1,2.28,0.13,4.82,World Trade Centre,Ras Al Khor,5.92,1.15,33.92,Freehold,,18835,160.39,100.44,Tilal Al Ghaf Phase II,,
Springs,Ocean View Plaza,59,Residential,Rental,1,3310,Yes,No,Yes,Yes,2,3.92,1.99,2.62,Burj Khalifa/Dubai Mall,Dubai Hills Estate,3.94,7.55,32.37,Freehold,,8872,149.05,214.2,Palm Jebel Ali,Mohammed bin Rashid Library,Bluewaters Phase II
Lakes,Jade Residences,69,Residential,Rental,3,2588,Yes,Yes,Yes,No,3,0.37,1.82,2.45,DMCC,Jumeirah Village Triangle,6.88,5.98,14.56,Leasehold,,9090,242.76,89.1,Aljada,,
Al Quoz,Urban View Tower,88,Residential,Rental,5,1893,No,Yes,Yes,Yes,0,3.42,1.54,0.67,Mall of the Emirates,The Greens,3.3,5.18,16.52,Freehold,,15668,422.16,124.72,Expo City Expansion,Mohammed bin Rashid Library,
Emirates Hills,Palm Tower,44,Commercial,Purchase,2,3080,No,No,Yes,Yes,3,1.14,0.37,2,Jumeirah Lakes Towers,Dubai Silicon Oasis,0.16,1.73,15.46,Leasehold,3341574,,414.61,216.13,,,
Motor City,Garden Heights,2,Residential,Purchase,3,710,No,No,Yes,No,2,1.39,1.01,2.86,World Trade Centre,Al Rashidiya,3.46,1.29,37.73,Leasehold,1279458,,135.05,53.26,,,
Green Community,Desert Oasis,92,Residential,Rental,5,1221,Yes,Yes,No,Yes,3,4.92,2.13,4.29,Damac Properties,Jumeirah,2.76,3.27,29.53,Freehold,,2909,496.13,275.56,District 11,Jumeirah Central,Dubai Creek Harbour
The Views,Desert Oasis,56,Commercial,Purchase,2,4795,Yes,Yes,No,No,3,2.23,1.54,0.76,Damac Properties,Lakes,0.12,6.84,16.63,Leasehold,3478989,,138.95,274.82,Bluewaters Phase II,,
Bur Dubai,Emerald Tower,24,Residential,Purchase,1,2067,No,Yes,No,Yes,2,0.97,2.31,2.97,Business Bay,DAMAC Hills,7.8,2.53,8.78,Leasehold,929939,,354.87,57.71,Museum of the Future Extension,,
Dubai Marina,Crystal Plaza,27,Commercial,Rental,2,4125,Yes,No,Yes,Yes,1,0.9,2.87,2.5,Jumeirah Lakes Towers,Academic City,9.79,5.94,12.34,Freehold,,15276,323.85,175.44,Dubai South Expansion,Mohammed bin Rashid Library,Aljada
Al Nahda,Jade Residences,45,Commercial,Purchase,3,2854,No,No,Yes,No,3,4.56,2.79,2.79,World Trade Centre,Al Barsha,6.93,2.66,20.63,Freehold,2232933,,477.18,64.82,Palm Jebel Ali,Aljada,
Palm Jumeirah,Skyline Residences,87,Residential,Rental,5,3572,No,No,No,No,1,1.33,0.96,4.87,Business Bay,Port De La Mer,3.42,0.35,27.4,Freehold,,7456,366.42,284.37,Dubai South Expansion,,
Dubai Hills Estate,Palm Tower,60,Commercial,Purchase,1,4512,No,Yes,Yes,No,3,2.15,2.69,4,Jumeirah Lakes Towers,Motor City,2.88,7.45,7.04,Freehold,1708900,,192.13,74.17,Museum of the Future Extension,Dubai Hills Mall,
Al Rashidiya,Desert Oasis,30,Commercial,Purchase,4,3272,No,Yes,Yes,Yes,1,2.47,1.11,0.11,Deira City Centre,Jumeirah Lakes Towers,1.76,2.2,8.08,Leasehold,1977474,,397.94,224.14,,,
The Views,Garden Heights,58,Commercial,Rental,3,4015,No,No,Yes,Yes,2,4.32,0.32,4.51,Mall of the Emirates,DAMAC Hills,0.46,7.9,6.01,Leasehold,,9414,464.03,210.4,,,
Karama,Marina Bay Tower,92,Commercial,Rental,4,1939,No,Yes,Yes,No,4,0.8,1.46,0.6,DMCC,Meadows,2.12,4.94,22.85,Leasehold,,1751,282.08,223.35,Dubai Creek Harbour,Tilal Al Ghaf Phase II,
Mirdif,Desert Oasis,8,Residential,Rental,1,993,No,No,No,No,3,3.38,2.65,4.64,Emirates Towers,Jumeirah,6.08,0.24,39.9,Leasehold,,2948,461.64,262.43,,,
Lakes,Palm Tower,62,Commercial,Purchase,5,3889,No,Yes,No,Yes,2,3.78,1.76,2.55,Business Bay,Al Sufouh,9.34,5.88,19.26,Freehold,2884167,,198.96,273.11,Expo City Expansion,District 11,
Discovery Gardens,Emerald Tower,94,Commercial,Rental,3,4583,Yes,No,No,No,0,2.54,2.9,0.67,Jumeirah Lakes Towers,Tilal Al Ghaf,2.87,2.63,34.12,Freehold,,5688,168.37,211.16,Tilal Al Ghaf Phase II,Palm Jebel Ali,Dubai Hills Mall
Jumeirah Village Circle,Emerald Tower,50,Residential,Rental,3,1925,No,Yes,No,Yes,0,0.54,0.5,0.94,Union,Ras Al Khor,8.39,1.7,14.45,Leasehold,,16098,392.32,101.79,,,
Dubai Hills Estate,Crystal Plaza,8,Residential,Purchase,4,1429,No,No,No,Yes,0,3.22,0.15,1.59,World Trade Centre,Ras Al Khor,1.12,2.15,11.49,Leasehold,2892337,,116.16,70.1,,,
DAMAC Hills,Jade Residences,59,Commercial,Rental,5,1996,No,No,Yes,No,4,3.92,1.08,0.41,Emirates Towers,Arabian Ranches,7.53,1.22,22.55,Freehold,,17507,262.94,161.68,Meydan One,Museum of the Future Extension,
Al Rashidiya,Jade Residences,75,Residential,Rental,3,2368,No,No,Yes,No,1,1.27,1.59,3.76,Etisalat,Lakes,3.45,2.02,23.34,Leasehold,,5496,316.85,248.49,Museum of the Future Extension,Palm Jebel Ali,Dubai Hills Mall
Lakes,Skyline Residences,46,Residential,Purchase,5,3808,No,Yes,Yes,Yes,3,4.65,0.44,1.27,Deira City Centre,Jumeirah Beach Residence,3.55,2.69,34.61,Leasehold,2329015,,382.7,65.93,Bluewaters Phase II,Expo City Expansion,
Discovery Gardens,Marina Bay Tower,5,Commercial,Rental,4,4625,No,Yes,Yes,No,3,2.35,1.19,2.75,Mall of the Emirates,Academic City,4.54,2.03,39.98,Leasehold,,7286,192.02,184.58,,,
City Walk,Palm Tower,8,Residential,Rental,2,4177,Yes,No,No,Yes,0,1.66,1.72,3.45,Mall of the Emirates,Palm Jumeirah,1.17,5.39,21.09,Freehold,,5357,496.28,67.58,,,
DAMAC Hills,Skyline Residences,83,Residential,Rental,1,1380,No,No,No,No,2,2.63,1.89,2.97,Etisalat,Arabian Ranches,8.14,6.37,6.73,Freehold,,6130,232.7,92.37,Aljada,,
Jumeirah Village Triangle,Marina Bay Tower,49,Commercial,Purchase,5,4930,No,Yes,No,No,0,2.32,2.99,0.65,Emirates Towers,Deira,9.93,5.48,27.11,Freehold,1090138,,150.07,172.28,Jumeirah Central,District 11,
Port De La Mer,Desert Oasis,39,Commercial,Rental,3,3703,Yes,Yes,Yes,No,2,1.29,0.48,3.17,World Trade Centre,Motor City,5.71,0.25,29.09,Leasehold,,6680,451.38,183.39,Dubai Creek Harbour,Dubai South Expansion,Dubai Hills Mall
Meadows,Palm Tower,50,Commercial,Rental,5,1775,Yes,No,No,Yes,4,1.79,2.25,4.58,Damac Properties,Port Saeed,0.59,3.94,6.53,Leasehold,,4923,469.56,59.27,Expo City Expansion,Museum of the Future Extension,Tilal Al Ghaf Phase II
Al Mizhar,Emerald Tower,26,Residential,Purchase,5,4091,Yes,No,No,No,4,1.84,1.12,3.66,Burj Khalifa/Dubai Mall,Academic City,3.85,3.9,23.4,Freehold,3079032,,121.48,204.28,Bluewaters Phase II,,
The Views,Garden Heights,21,Residential,Rental,4,4993,Yes,No,No,Yes,3,1.66,1.86,4.51,Emirates Towers,Al Quoz,4.58,7.24,30.37,Freehold,,5063,325.76,131.69,Tilal Al Ghaf Phase II,Bluewaters Phase II,Meydan One
Dubai Silicon Oasis,Desert Oasis,62,Commercial,Rental,3,2937,Yes,No,Yes,Yes,1,4.95,0.92,1.7,Al Safa,Business Bay,0.77,1.62,33.69,Freehold,,10360,188.76,167.35,Meydan One,Jumeirah Central,Dubai Creek Harbour
Al Furjan,Crystal Plaza,14,Commercial,Purchase,3,4172,Yes,No,No,Yes,1,0.58,0.68,1.61,Etisalat,Jumeirah Lakes Towers,3.41,2.5,36.04,Leasehold,1128915,,255.46,281,Meydan One,Expo City Expansion,Bluewaters Phase II
Discovery Gardens,Ocean View Plaza,10,Residential,Rental,2,4707,No,No,No,Yes,3,2.7,0.99,0.79,Damac Properties,University City,8.54,1.98,17.64,Freehold,,8024,420.5,171.97,Museum of the Future Extension,Dubai Creek Harbour,
Dubai Silicon Oasis,Skyline Residences,78,Residential,Purchase,2,4385,Yes,No,Yes,Yes,3,3.63,2.51,0.75,Al Safa,Al Qusais,0.97,6.96,16.84,Freehold,2057068,,103.38,149.33,,,
Jumeirah Golf Estates,Marina Bay Tower,29,Residential,Purchase,1,3811,No,Yes,No,No,0,2.08,2.34,3.97,Damac Properties,Lakes,2.94,4.06,18.96,Freehold,1361798,,479.03,162.47,,,
Emirates Hills,Emerald Tower,73,Commercial,Rental,1,2540,No,No,Yes,No,3,1.48,2.34,0.25,Dubai Internet City,City Walk,9.86,7.98,33.74,Freehold,,10832,221.92,138.78,,,
Green Community,Marina Bay Tower,25,Commercial,Rental,2,2103,Yes,Yes,No,No,1,4.02,1.45,0.5,Etisalat,Tilal Al Ghaf,7.12,5.94,36.13,Leasehold,,16789,103.81,75.56,Museum of the Future Extension,,
City Walk,Desert Oasis,98,Residential,Purchase,3,4532,Yes,Yes,No,Yes,1,2.28,1.24,3.25,Damac Properties,Al Rashidiya,8.27,4.44,13.6,Leasehold,181503,,246.7,227.1,Bluewaters Phase II,Mohammed bin Rashid Library,
Deira,Desert Oasis,32,Commercial,Purchase,2,2643,No,No,No,Yes,1,2.35,0.99,3.86,Etisalat,The Greens,5.62,6.15,23.16,Freehold,3059432,,167.56,160.68,District 11,,
Tilal Al Ghaf,Emerald Tower,59,Residential,Rental,3,4094,No,Yes,Yes,Yes,1,4.61,2.59,2.48,DMCC,Mina Rashid,7.97,2.57,39.66,Freehold,,1094,403.27,287.3,Palm Jebel Ali,Aljada,Museum of the Future Extension
Al Warqa,Palm Tower,93,Residential,Purchase,2,3564,Yes,No,Yes,No,0,0.44,2.51,2.81,Emirates Towers,Al Mamzar,3.37,1.95,10.82,Freehold,3715155,,358.6,65.66,,,
Port De La Mer,Emerald Tower,97,Residential,Rental,4,1274,Yes,No,Yes,Yes,1,3.11,0.42,0.37,World Trade Centre,Al Quoz,5.79,4.11,17.46,Freehold,,9135,197.97,120.7,,,
Business Bay,Emerald Tower,14,Commercial,Rental,5,1680,No,No,No,Yes,3,3.84,2.9,1.43,Dubai Internet City,Dubai Marina,8.57,3.25,28.93,Freehold,,4844,265.24,142.99,,,
Motor City,Desert Oasis,20,Commercial,Rental,3,4861,No,Yes,Yes,No,0,2.65,1.67,4.99,Mall of the Emirates,Al Warqa,9.68,3.87,26.31,Leasehold,,1792,352.36,70.46,Museum of the Future Extension,Aljada,
Al Furjan,Palm Tower,24,Commercial,Purchase,4,4559,No,No,No,Yes,2,1.31,2.94,4.45,Damac Properties,Business Bay,0.64,2.78,34.93,Leasehold,4524300,,220.1,171.48,Tilal Al Ghaf Phase II,Dubai South Expansion,
Downtown Dubai,Jade Residences,98,Residential,Purchase,2,2437,Yes,No,No,Yes,3,2.82,2.46,1.87,Deira City Centre,Dubai Festival City,9.94,7,14.78,Leasehold,3306491,,340.56,206.76,Expo City Expansion,,
International City,Crystal Plaza,57,Commercial,Rental,2,1807,No,Yes,No,No,3,4.33,0.9,4.37,Mall of the Emirates,Karama,2.14,6.06,27.97,Leasehold,,4322,133.03,195.9,Aljada,,
Al Twar,Emerald Tower,41,Commercial,Rental,5,2524,No,Yes,Yes,No,1,4.84,2.4,4.91,Burj Khalifa/Dubai Mall,Mina Rashid,5.27,2.38,8.93,Leasehold,,3582,491.03,62.9,Bluewaters Phase II,Museum of the Future Extension,Dubai Creek Harbour
Al Nahda,Ocean View Plaza,62,Residential,Rental,2,1833,No,Yes,Yes,Yes,3,2.74,0.82,1.07,Damac Properties,Al Sufouh,0.11,7.2,16.61,Freehold,,1497,203.64,299.95,Bluewaters Phase II,,
Jumeirah Village Triangle,Garden Heights,91,Residential,Purchase,1,1852,Yes,Yes,Yes,Yes,2,0.43,0.47,0.38,Emirates Towers,Mirdif,2.32,2.96,8.71,Leasehold,2190451,,336.97,188.62,Dubai Hills Mall,District 11,
Academic City,Emerald Tower,46,Commercial,Rental,5,3708,Yes,Yes,No,Yes,1,4.76,0.76,4.93,Dubai Internet City,Mirdif,9.06,1.15,23.81,Leasehold,,6675,226.11,192.06,Expo City Expansion,,
Al Quoz,Palm Tower,48,Commercial,Purchase,2,1773,No,Yes,No,Yes,0,1.97,0.81,4.53,Damac Properties,Dubai Festival City,5.78,2.63,23.49,Leasehold,2746186,,151.35,155.97,Palm Jebel Ali,Dubai Creek Harbour,Jumeirah Central
The Views,Palm Tower,6,Residential,Purchase,2,2823,No,No,No,No,4,4.51,1.33,3.24,Jumeirah Lakes Towers,DAMAC Hills,6.8,3.74,30.14,Leasehold,2015806,,461.86,183.17,,,
Arabian Ranches,Urban View Tower,57,Commercial,Purchase,5,3471,Yes,Yes,No,Yes,1,0.32,1.12,2,Dubai Internet City,Downtown Dubai,2.36,3.28,32.66,Leasehold,2140880,,295.83,277.1,District 11,Mohammed bin Rashid Library,
Lakes,Garden Heights,83,Commercial,Rental,4,1986,Yes,No,No,Yes,4,0.65,2.87,4.44,Damac Properties,Motor City,4.95,4.05,6.89,Leasehold,,5335,136.47,272.37,Dubai Creek Harbour,,
Mina Rashid,Palm Tower,27,Commercial,Rental,4,3114,No,No,No,No,0,3.32,1.24,0.19,Burj Khalifa/Dubai Mall,Jumeirah Golf Estates,9.5,6.83,16.56,Freehold,,13381,321.06,169.93,,,
Palm Jumeirah,Emerald Tower,62,Commercial,Rental,4,4767,Yes,Yes,No,No,0,0.71,0.44,1.06,Dubai Internet City,Lakes,6.3,4.01,23.64,Leasehold,,2281,372.06,285.67,Meydan One,Mohammed bin Rashid Library,
Meadows,Urban View Tower,15,Commercial,Purchase,4,4126,Yes,Yes,No,Yes,1,4.91,0.64,3.85,World Trade Centre,Emirates Hills,2.78,5.65,30.84,Freehold,1773362,,255.29,215.27,District 11,,